solutionType, Error, NumElements, ElementDegree, Continuity, f, g, h, m, q, E, I
Finite Element - Exact Integration,4.2812735342882293E-04,1,2,1,1/800000,0,0,0,0,1000000,1/19200000000
Finite Element - Exact Integration,4.9580326975674729E-05,2,2,1,1/800000,0,0,0,0,1000000,1/19200000000
Finite Element - Exact Integration,6.0257436331619095E-06,4,2,1,1/800000,0,0,0,0,1000000,1/19200000000
Finite Element - Exact Integration,7.3594542313506040E-07,8,2,1,1/800000,0,0,0,0,1000000,1/19200000000
Finite Element - Exact Integration,9.0660147679285149E-08,16,2,1,1/800000,0,0,0,0,1000000,1/19200000000
Finite Element - Exact Integration,1.1240834872009517E-08,32,2,1,1/800000,0,0,0,0,1000000,1/19200000000
Finite Element - Exact Integration,1.3991072656649027E-09,64,2,1,1/800000,0,0,0,0,1000000,1/19200000000
Finite Element - Exact Integration,1.7450517723198058E-10,128,2,1,1/800000,0,0,0,0,1000000,1/19200000000
