solutionType, Error, y(1),  NumElements, ElementDegree, Continuity, f, g, h, m, q, E, I
Finite Element - Exact Integration,4.2812735342882293E-04,2.0000000000000000E-03,1,2,1,1/800000,0,0,0,0,1000000,1/19200000000
Finite Element - Exact Integration,4.9580326975674729E-05,2.7499999999999998E-03,2,2,1,1/800000,0,0,0,0,1000000,1/19200000000
Finite Element - Exact Integration,6.0257436331619095E-06,2.9375000000000000E-03,4,2,1,1/800000,0,0,0,0,1000000,1/19200000000
Finite Element - Exact Integration,7.3594542313506040E-07,2.9843750000000000E-03,8,2,1,1/800000,0,0,0,0,1000000,1/19200000000
Finite Element - Exact Integration,9.0660147679285149E-08,2.9960937500000001E-03,16,2,1,1/800000,0,0,0,0,1000000,1/19200000000
Finite Element - Exact Integration,1.1240834872009517E-08,2.9990234375000002E-03,32,2,1,1/800000,0,0,0,0,1000000,1/19200000000
Finite Element - Exact Integration,1.3991072656649027E-09,2.9997558593750002E-03,64,2,1,1/800000,0,0,0,0,1000000,1/19200000000
Finite Element - Exact Integration,1.7450517723198058E-10,2.9999389648437502E-03,128,2,1,1/800000,0,0,0,0,1000000,1/19200000000
