solutionType, Error, NumElements, ElementDegree, Continuity, f, g, h, m, q, E, I
Finite Element - Exact Integration,1.9920476822239894E-05,1,3,1,1/800000,0,0,0,0,1000000,1/19200000000
Finite Element - Exact Integration,6.2251490069499871E-07,2,3,1,1/800000,0,0,0,0,1000000,1/19200000000
Finite Element - Exact Integration,1.9453590646719464E-08,4,3,1,1/800000,0,0,0,0,1000000,1/19200000000
Finite Element - Exact Integration,6.0792470770983363E-10,8,3,1,1/800000,0,0,0,0,1000000,1/19200000000
Finite Element - Exact Integration,1.8997647115864989E-11,16,3,1,1/800000,0,0,0,0,1000000,1/19200000000
Finite Element - Exact Integration,5.9367647238899928E-13,32,3,1,1/800000,0,0,0,0,1000000,1/19200000000
Finite Element - Exact Integration,1.8552389758326841E-14,64,3,1,1/800000,0,0,0,0,1000000,1/19200000000
Finite Element - Exact Integration,5.7976217851327988E-16,128,3,1,1/800000,0,0,0,0,1000000,1/19200000000
