solutionType, Error u(x), Error du(x), Error d2u(x), Error d3u(x), y(1), NumElements, ElementDegree, Continuity, ndofs, nnodes, f, g, h, m, q, E, I
Finite Element - Exact Integration,1.9920476822239894E-05,3.4503277967117712E-05,1.1180339887498949E-04,4.3301270189221935E-04,3.0000000000000001E-03,1,3,1,2,4,1/800000,0,0,0,0,1000000,1/19200000000
Finite Element - Exact Integration,6.2251490069499871E-07,1.0782274364724274E-06,3.4938562148434224E-06,1.3531646934131844E-05,3.0000000000000001E-03,2,3,1,4,6,1/800000,0,0,0,0,1000000,1/19200000000
Finite Element - Exact Integration,1.9453590646719464E-08,3.3694607389762186E-08,1.0918300671386240E-07,4.2286396669162872E-07,3.0000000000000001E-03,4,3,1,8,10,1/800000,0,0,0,0,1000000,1/19200000000
Finite Element - Exact Integration,6.0792470770983363E-10,1.0529564809298781E-09,3.4119689598104591E-09,1.3214498959107931E-08,3.0000000000000001E-03,8,3,1,16,18,1/800000,0,0,0,0,1000000,1/19200000000
Finite Element - Exact Integration,1.8997647115864989E-11,3.2904890029055833E-11,1.0662402999318945E-10,4.1295309247140626E-10,3.0000000000000001E-03,16,3,1,32,34,1/800000,0,0,0,0,1000000,1/19200000000
Finite Element - Exact Integration,5.9367647238899928E-13,1.0282778133479610E-12,3.3320009368051324E-12,1.2904784139972174E-11,3.0000000000000001E-03,32,3,1,64,66,1/800000,0,0,0,0,1000000,1/19200000000
Finite Element - Exact Integration,1.8552389758326841E-14,3.2133681695468500E-14,1.0412502932808043E-13,4.0327450428745925E-13,3.0000000000000001E-03,64,3,1,128,130,1/800000,0,0,0,0,1000000,1/19200000000
Finite Element - Exact Integration,5.7976217851327988E-16,1.0041775392572128E-15,3.2539073502329291E-15,1.2602328403323719E-14,3.0000000000000001E-03,128,3,1,256,258,1/800000,0,0,0,0,1000000,1/19200000000
