solutionType, Error, y(1),  NumElements, ElementDegree, Continuity, f, g, h, m, q, E, I
Finite Element - Exact Integration,1.9920476822239894E-05,3.0000000000000001E-03,1,3,2,1/800000,0,0,0,0,1000000,1/19200000000
Finite Element - Exact Integration,6.2251490069499669E-07,3.0000000000000001E-03,2,3,2,1/800000,0,0,0,0,1000000,1/19200000000
Finite Element - Exact Integration,1.9453590646722012E-08,3.0000000000000001E-03,4,3,2,1/800000,0,0,0,0,1000000,1/19200000000
Finite Element - Exact Integration,6.0792470771008582E-10,3.0000000000000001E-03,8,3,2,1/800000,0,0,0,0,1000000,1/19200000000
Finite Element - Exact Integration,1.8997647115827197E-11,3.0000000000000001E-03,16,3,2,1/800000,0,0,0,0,1000000,1/19200000000
Finite Element - Exact Integration,5.9367647242853351E-13,3.0000000000000001E-03,32,3,2,1/800000,0,0,0,0,1000000,1/19200000000
Finite Element - Exact Integration,1.8552389742194276E-14,3.0000000000000001E-03,64,3,2,1/800000,0,0,0,0,1000000,1/19200000000
Finite Element - Exact Integration,5.7976217681777078E-16,3.0000000000000001E-03,128,3,2,1/800000,0,0,0,0,1000000,1/19200000000
