solutionType, Error u(x), Error du(x), Error d2u(x), Error d3u(x), y(1), NumElements, ElementDegree, Continuity, ndofs, nnodes, f, g, h, m, q, E, I
Finite Element - Exact Integration,1.9920476822239894E-05,3.4503277967117712E-05,1.1180339887498949E-04,4.3301270189221935E-04,3.0000000000000001E-03,1,3,2,2,4,1/800000,0,0,0,0,1000000,1/19200000000
Finite Element - Exact Integration,6.2251490069499669E-07,1.0782274364724285E-06,3.4938562148434215E-06,1.3531646934131855E-05,3.0000000000000001E-03,2,3,2,3,5,1/800000,0,0,0,0,1000000,1/19200000000
Finite Element - Exact Integration,1.9453590646722012E-08,3.3694607389763060E-08,1.0918300671385965E-07,4.2286396669162257E-07,3.0000000000000001E-03,4,3,2,5,7,1/800000,0,0,0,0,1000000,1/19200000000
Finite Element - Exact Integration,6.0792470771008582E-10,1.0529564809298212E-09,3.4119689598089532E-09,1.3214498959113884E-08,3.0000000000000001E-03,8,3,2,9,11,1/800000,0,0,0,0,1000000,1/19200000000
Finite Element - Exact Integration,1.8997647115827197E-11,3.2904890028999960E-11,1.0662402999410356E-10,4.1295309247236625E-10,3.0000000000000001E-03,16,3,2,17,19,1/800000,0,0,0,0,1000000,1/19200000000
Finite Element - Exact Integration,5.9367647242853351E-13,1.0282778134025587E-12,3.3320009371490869E-12,1.2904784139703255E-11,3.0000000000000001E-03,32,3,2,33,35,1/800000,0,0,0,0,1000000,1/19200000000
Finite Element - Exact Integration,1.8552389742194276E-14,3.2133681665201447E-14,1.0412502936110008E-13,4.0327450440233734E-13,3.0000000000000001E-03,64,3,2,65,67,1/800000,0,0,0,0,1000000,1/19200000000
Finite Element - Exact Integration,5.7976217681777078E-16,1.0041775513995504E-15,3.2539071458912911E-15,1.2602328252383591E-14,3.0000000000000001E-03,128,3,2,129,131,1/800000,0,0,0,0,1000000,1/19200000000
