solutionType, Error, NumElements, ElementDegree, Continuity, f, g, h, m, q, E, I
Finite Element - Exact Integration,1.9920476822239894E-05,1,3,2,1/800000,0,0,0,0,1000000,1/19200000000
Finite Element - Exact Integration,6.2251490069499669E-07,2,3,2,1/800000,0,0,0,0,1000000,1/19200000000
Finite Element - Exact Integration,1.9453590646722012E-08,4,3,2,1/800000,0,0,0,0,1000000,1/19200000000
Finite Element - Exact Integration,6.0792470771008582E-10,8,3,2,1/800000,0,0,0,0,1000000,1/19200000000
Finite Element - Exact Integration,1.8997647115827197E-11,16,3,2,1/800000,0,0,0,0,1000000,1/19200000000
Finite Element - Exact Integration,5.9367647242853351E-13,32,3,2,1/800000,0,0,0,0,1000000,1/19200000000
Finite Element - Exact Integration,1.8552389742194276E-14,64,3,2,1/800000,0,0,0,0,1000000,1/19200000000
Finite Element - Exact Integration,5.7976217681777078E-16,128,3,2,1/800000,0,0,0,0,1000000,1/19200000000
