solutionType, Error u(x), Error du(x), Error d2u(x), Error d3u(x), y(1),  NumElements, ElementDegree, Continuity, ndofs, nnodes, f, g, h
Finite Element - Exact Integration,2.7777777777777776E-02,9.4491118252306813E-02,4.4721359549995793E-01,1.1547005383792515E+00,8.3333333333333329E-02,1,1,0,1,2,x^2,0,0
Finite Element - Exact Integration,9.3814278375738171E-03,6.0097680078299617E-02,4.4721359549995793E-01,1.1547005383792515E+00,8.3333333333333329E-02,2,1,0,2,3,x^2,0,0
Finite Element - Exact Integration,2.4999020404226054E-03,3.1715438876358616E-02,4.4721359549995793E-01,1.1547005383792515E+00,8.3333333333333329E-02,4,1,0,4,5,x^2,0,0
Finite Element - Exact Integration,6.3465838418507706E-04,1.6067417592889849E-02,4.4721359549995793E-01,1.1547005383792515E+00,8.3333333333333329E-02,8,1,0,8,9,x^2,0,0
Finite Element - Exact Integration,1.5927011799894849E-04,8.0599610576724094E-03,4.4721359549995793E-01,1.1547005383792515E+00,8.3333333333333329E-02,16,1,0,16,17,x^2,0,0
Finite Element - Exact Integration,3.9855379863935660E-05,4.0332632898952376E-03,4.4721359549995793E-01,1.1547005383792515E+00,8.3333333333333329E-02,32,1,0,32,33,x^2,0,0
Finite Element - Exact Integration,9.9662106952470100E-06,2.0170420283036955E-03,4.4721359549995793E-01,1.1547005383792515E+00,8.3333333333333329E-02,64,1,0,64,65,x^2,0,0
Finite Element - Exact Integration,2.4917005331627183E-06,1.0085723132645719E-03,4.4721359549995793E-01,1.1547005383792515E+00,8.3333333333333329E-02,128,1,0,128,129,x^2,0,0
