solutionType, Error u(x), Error du(x), Error d2u(x), Error d3u(x), y(1), NumElements, ElementDegree, Continuity, ndofs, nnodes, f, g, h
Finite Element - Exact Integration,6.6401589407466316E-04,6.2994078834871202E-03,8.1649658092772609E-02,5.7735026918962573E-01,8.3333333333333329E-02,1,3,0,3,4,x^2,0,0
Finite Element - Exact Integration,4.1500993379666447E-05,7.8742598543589002E-04,2.0412414523193152E-02,2.8867513459481287E-01,8.3333333333333329E-02,2,3,0,6,7,x^2,0,0
Finite Element - Exact Integration,2.5938120862291530E-06,9.8428248179486253E-05,5.1031036307982881E-03,1.4433756729740643E-01,8.3333333333333329E-02,4,3,0,12,13,x^2,0,0
Finite Element - Exact Integration,1.6211325538933111E-07,1.2303531022435782E-05,1.2757759076995640E-03,7.2168783648703216E-02,8.3333333333333329E-02,8,3,0,24,25,x^2,0,0
Finite Element - Exact Integration,1.0132078461819994E-08,1.5379413778044727E-06,3.1894397692493719E-04,3.6084391824351608E-02,8.3333333333333329E-02,16,3,0,48,49,x^2,0,0
Finite Element - Exact Integration,6.3325490395881380E-10,1.9224267222555909E-07,7.9735994229904292E-05,1.8042195912175804E-02,8.3333333333333329E-02,32,3,0,96,97,x^2,0,0
Finite Element - Exact Integration,3.9578431626000426E-11,2.4030334028194889E-08,1.9933998550280786E-05,9.0210979560879020E-03,8.3333333333333329E-02,64,3,0,192,193,x^2,0,0
Finite Element - Exact Integration,2.4736520242525971E-12,3.0037917535244637E-09,4.9834996269090043E-06,4.5105489780439545E-03,8.3333333333333329E-02,128,3,0,384,385,x^2,0,0
