solutionType, Error u(x), Error du(x), Error d2u(x), Error d3u(x), y(1), NumElements, ElementDegree, Continuity, ndofs, nnodes, f, g, h
Finite Element - Exact Integration,6.6401589407466316E-04,6.2994078834871202E-03,8.1649658092772609E-02,5.7735026918962573E-01,8.3333333333333329E-02,1,3,2,3,4,x^2,0,0
Finite Element - Exact Integration,6.7770838399203696E-05,1.0499013139145200E-03,2.1032993873334346E-02,2.9397236789606562E-01,8.3333333333333329E-02,2,3,2,4,5,x^2,0,0
Finite Element - Exact Integration,6.2445283205833452E-06,1.6073265621051241E-04,4.8509774517450999E-03,1.4494994835578481E-01,8.3333333333333329E-02,4,3,2,6,7,x^2,0,0
Finite Element - Exact Integration,4.2077767911705560E-07,2.1340923020801527E-05,1.1866678154363460E-03,7.2294290499775343E-02,8.3333333333333329E-02,8,3,2,10,11,x^2,0,0
Finite Element - Exact Integration,2.7038315589968710E-08,2.7387100358515559E-06,2.9391259168155511E-04,3.6115469461368878E-02,8.3333333333333329E-02,16,3,2,18,19,x^2,0,0
Finite Element - Exact Integration,1.7122113078132557E-09,3.4668908682710974E-07,7.3134219856787989E-05,1.8049966850296893E-02,8.3333333333333329E-02,32,3,2,34,35,x^2,0,0
Finite Element - Exact Integration,1.0770380265346486E-10,4.3605488085745406E-08,1.8240412515997000E-05,9.0230408997397180E-03,8.3333333333333329E-02,64,3,2,66,67,x^2,0,0
Finite Element - Exact Integration,6.7529653352651977E-12,5.4674427743953330E-09,4.5547007465141733E-06,4.5110347401986200E-03,8.3333333333333329E-02,128,3,2,130,131,x^2,0,0
